Symbol,Name,Last Sale,Net Change,% Change,Market Cap,Country,IPO Year,Volume,Sector,Industry
AAMC,Altisource Asset Management Corp Com,$24.46,0.06,0.246%,50279022.00,United States,,1510,Finance,Investment Managers
AAU,Almaden Minerals Ltd. Common Shares,$0.4024,0.0155,4.006%,55217895.00,Canada,2015,1410508,,
ACU,Acme United Corporation. Common Stock,$36.715,0.115,0.314%,129923664.00,United States,1988,5994,Consumer Durables,Home Furnishings
ACY,AeroCentury Corp. Common Stock,$48.11,1.10,2.34%,211829629.00,United States,,19629,Technology,Diversified Commercial Services
ADRA,Adara Acquisition Corp. Class A Common Stock,$9.82,-0.01,-0.102%,141162500.00,United States,2021,637,,
AE,Adams Resources & Energy Inc. Common Stock,$29.66,-0.2204,-0.738%,126273831.00,United States,,4308,Energy,Oilfield Services/Equipment
AEF,Aberdeen Emerging Markets Equity Income Fund Inc. Common Stock,$8.47,-0.03,-0.353%,429867560.00,United States,,92620,Finance,Finance/Investors Services
AGE,AgeX Therapeutics Inc. Common Stock,$0.8063,-0.0237,-2.855%,30588710.00,,2018,62369,Health Care,Biotechnology: Pharmaceutical Preparations
AIM,AIM ImmunoTech Inc. Common Stock,$1.76,0.00,0.00%,69854421.00,United States,,180542,Health Care,Biotechnology: Biological Products (No Diagnostic Substances)
AINC,Ashford Inc. (Holding Company) Common Stock,$23.82,0.27,1.146%,71999999.00,United States,2014,63740,Finance,Investment Managers
AIRI,Air Industries Group Common Stock,$1.06,0.00,0.00%,34002182.00,United States,,104060,Capital Goods,Military/Government/Technical
AMBO,Ambow Education Holding Ltd. American Depository Shares each representing two Class A ordinary shares,$1.33,0.04,3.101%,31026699.00,China,,676625,Miscellaneous,Service to the Health Industry
AMPE,Ampio Pharmaceuticals Inc.,$1.63,0.04,2.516%,326746470.00,United States,,771641,Health Care,Biotechnology: Pharmaceutical Preparations
AMS,American Shared Hospital Services Common Stock,$3.09,0.03,0.98%,18132120.00,United States,,27838,Health Care,Medical Specialities
ANVS,Annovis Bio Inc. Common Stock,$32.09,-5.58,-14.813%,259947291.00,United States,2020,421354,Consumer Durables,Specialty Chemicals
APT,Alpha Pro Tech Ltd. Common Stock,$5.27,-0.16,-2.947%,69654913.00,Canada,,206117,,
ARMP,Armata Pharmaceuticals Inc. Common Stock,$3.80,0.19,5.263%,102927936.00,United States,,17550,Health Care,Biotechnology: Biological Products (No Diagnostic Substances)
ASM,Avino Silver & Gold Mines Ltd. Common Shares (Canada),$1.02,0.041,4.188%,103430765.00,Canada,,683653,,
ASXC,Asensus Surgical Inc. Common Stock,$1.88,-0.08,-4.082%,440652691.00,United States,,3636649,Health Care,Medical/Dental Instruments
ATNM,Actinium Pharmaceuticals Inc. (Delaware) Common Stock,$8.08,-0.14,-1.703%,177955269.00,United States,,79240,Health Care,Biotechnology: Pharmaceutical Preparations
AUMN,Golden Minerals Company Common Stock,$0.4204,-0.007,-1.638%,68443059.00,United States,,1391022,Basic Industries,Metal Mining
AWX,Avalon Holdings Corporation Common Stock,$3.95,-0.03,-0.754%,15402752.00,United States,,13983,Public Utilities,Environmental Services
AXU,Alexco Resource Corp Common Shares (Canada),$2.00,0.03,1.523%,301816646.00,Canada,,798274,,
BATL,Battalion Oil Corporation Common Stock,$12.205,0.115,0.951%,198551392.00,,,10875,Energy,Oil & Gas Production
BCV,Bancroft Fund Ltd.,$30.94,0.28,0.913%,170720299.00,United States,,14119,Finance,Finance/Investors Services
BCV^A,Bancroft Fund Limited 5.375% Series A Cumulative Preferred Shares,$25.65,0.02,0.078%,,United States,,2552,,
BDL,Flanigan's Enterprises Inc. Common Stock,$32.0545,1.6593,5.459%,59578000.00,United States,,8599,Consumer Services,Restaurants
BDR,Blonder Tongue Laboratories Inc. Common Stock,$1.19,0.04,3.478%,14753340.00,United States,,340425,Technology,Radio And Television Broadcasting And Communications Equipment
BGI,Birks Group Inc. Common Stock,$3.00,-0.17,-5.363%,54986829.00,Canada,,278593,,
BHB,Bar Harbor Bankshares Inc. Common Stock,$31.13,-0.60,-1.891%,466545310.00,United States,,14742,Finance,Major Banks
BKTI,BK Technologies Corporation Common Stock,$2.94,-0.11,-3.607%,53698324.00,United States,,10676,Technology,Radio And Television Broadcasting And Communications Equipment
BMTX,BM Technologies Inc. Common Stock,$9.45,0.00,0.00%,115293572.00,,2018,34927,Technology,EDP Services
BRBS,Blue Ridge Bankshares Inc. Common Stock,$18.35,-0.20,-1.078%,344568171.00,,,37186,Finance,Commercial Banks
BRG,Bluerock Residential Growth REIT Inc. Class A Common Stock,$13.99,0.54,4.015%,370565581.00,,2014,111466,Consumer Services,Real Estate Investment Trusts
BRG^C,Bluerock Residential Growth REIT Inc. 7.625% Series C Cumulative Redeemable Preferred Stock,$25.35,0.0699,0.277%,,,,2450,,
BRG^D,Bluerock Residential Growth REIT Inc. 7.125% Series D Cumulative Preferred Stock ($0.01 par value per share),$25.29,-0.01,-0.04%,,,,635,,
BRN,Barnwell Industries Inc. Common Stock,$2.67,0.09,3.488%,25218542.00,United States,,264223,Energy,Oil & Gas Production
BTG,B2Gold Corp Common shares (Canada),$4.39,0.02,0.458%,4634016368.00,Canada,,3621864,,
BTN,Ballantyne Strong Inc. Common Stock,$3.18,-0.01,-0.313%,58750557.00,United States,,15374,Miscellaneous,Industrial Machinery/Components
BTTR,Better Choice Company Inc. Common Stock,$3.95,0.05,1.282%,116865063.00,,2021,85930,Consumer Non-Durables,Food Distributors
CANF,Can-Fite Biopharma Ltd Sponsored ADR (Israel),$1.47,-0.02,-1.342%,28064568.00,Israel,,127586,Health Care,Biotechnology: Pharmaceutical Preparations
CCF,Chase Corporation Common Stock,$107.75,0.26,0.242%,1018156472.00,United States,,10341,Basic Industries,Paints/Coatings
CDOR,Condor Hospitality Trust Inc. Common Stock,$7.29,0.03,0.413%,107327222.00,United States,,14266,Consumer Services,Real Estate Investment Trusts
CEI,Camber Energy Inc. Common Stock,$1.22,-0.03,-2.40%,304467359.00,United States,,36866044,Energy,Oil & Gas Production
CET,Central Securities Corporation Common Stock,$45.03,-0.07,-0.155%,1181762952.00,United States,,21019,Finance,Finance/Investors Services
CEV,Eaton Vance California Municipal Income Trust Shares of Beneficial Interest,$14.19,0.15,1.068%,101225429.00,United States,1999,11727,Finance,Finance/Investors Services
CIK,Credit Suisse Asset Management Income Fund Inc. Common Stock,$3.48,0.00,0.00%,182050552.00,United States,,552661,Finance,Finance/Investors Services
CIX,CompX International Inc. Common Stock,$22.18,-0.47,-2.075%,275157472.00,United States,1998,6235,Miscellaneous,Diversified Manufacture
CKX,CKX Lands Inc. Common Stock,$12.0901,0.00,0.00%,23484959.00,United States,,16,Energy,Oil & Gas Production
CLM,Cornerstone Strategic Value Fund Inc. New Common Stock,$14.66,0.11,0.756%,1728101845.00,United States,1987,2074255,Finance,Finance/Investors Services
CMCL,Caledonia Mining Corporation Plc Common Shares,$12.90,0.13,1.018%,156332817.00,Canada,,27912,Basic Industries,Precious Metals
CMT,Core Molding Technologies Inc Common Stock,$9.57,-0.43,-4.30%,81196445.00,United States,,41393,Consumer Durables,Electronic Components
COHN,Cohen & Company Inc.,$18.41,0.16,0.877%,30016456.00,United States,,11136,Finance,Investment Managers
CPHI,China Pharma Holdings Inc. Common Stock,$0.6246,-0.0155,-2.421%,27219791.00,China,,201300,Health Care,Biotechnology: Pharmaceutical Preparations
CQP,Cheniere Energy Partners LP Cheniere Energy Partners LP Common Units,$43.05,-0.50,-1.148%,20837303070.00,United States,2007,49625,Public Utilities,Oil/Gas Transmission
CRF,Cornerstone Total Return Fund Inc. (The) Common Stock,$14.09,0.13,0.931%,876769032.00,United States,,708243,Finance,Finance/Investors Services
CTEK,CynergisTek Inc. Common Stock,$1.71,-0.01,-0.581%,20726394.00,United States,2017,33936,Technology,Retail: Computer Software & Peripheral Equipment
CVM,Cel-Sci Corporation Common Stock,$12.08,-0.30,-2.423%,519780052.00,United States,,389672,Health Care,Biotechnology: Biological Products (No Diagnostic Substances)
CVR,Chicago Rivet & Machine Co. Common Stock,$27.20,0.18,0.666%,26278790.00,United States,,220,Consumer Non-Durables,Industrial Specialties
CVU,CPI Aerostructures Inc. Common Stock,$2.92,-0.11,-3.63%,35712438.00,United States,,29940,Capital Goods,Military/Government/Technical
CYBN,Cybin Inc. Common Shares,$1.98,-0.02,-1.00%,333368278.00,,,7618778,,
DHY,Credit Suisse High Yield Bond Fund Common Stock,$2.53,0.01,0.397%,261873727.00,United States,1998,258099,Finance,Finance/Investors Services
DIT,AMCON Distributing Company Common Stock,$144.06,16.07,12.556%,79430218.00,United States,,7063,Consumer Non-Durables,Food Distributors
DLA,Delta Apparel Inc. Common Stock,$27.12,-0.82,-2.935%,189152779.00,United States,,7750,Consumer Non-Durables,Department/Specialty Retail Stores
DMF,BNY Mellon Municipal Income Inc. Common Stock,$8.95,0.13,1.474%,185719642.00,United States,1988,58194,Finance,Finance/Investors Services
DNN,Denison Mines Corp Ordinary Shares (Canada),$2.12,0.04,1.923%,1711054075.00,Canada,,16149315,,
DPW,Ault Global Holdings Inc. Common Stock,$2.19,0.02,0.922%,157918979.00,United States,,5150819,Capital Goods,Industrial Machinery/Components
DSS,DSS Inc. Common Stock,$1.17,-0.03,-2.50%,93302687.00,United States,,522544,Consumer Services,Recreational Products/Toys
DXF,Dunxin Financial Holdings Limited American Depositary Shares,$1.57,0.14,9.79%,32780324.00,China,,1023331,Consumer Non-Durables,Apparel
DXR,Daxor Corporation Common Stock,$11.07,-0.18,-1.60%,44655018.00,United States,,1257,Health Care,Medical/Dental Instruments
EAD,Wells Fargo Income Opportunities Fund Common Shares,$9.00,0.04,0.446%,545275926.00,United States,2003,189899,Finance,Finance/Investors Services
ECF,Ellsworth Growth and Income Fund Ltd.,$14.24,0.05,0.352%,192232282.00,United States,1986,37173,Finance,Finance/Investors Services
ECF^A,Ellsworth Growth and Income Fund Ltd. 5.25% Series A Cumulative Preferred Shares (Liquidation Preference $25.00 per share),$25.90,0.07,0.271%,,United States,,200,,
EIM,Eaton Vance Municipal Bond Fund Common Shares of Beneficial Interest $.01 par value,$13.48,0.07,0.522%,969928920.00,United States,2002,71254,Finance,Finance/Investors Services
ELA,Envela Corporation Common Stock,$4.40,-0.03,-0.677%,118467276.00,United States,,63586,Consumer Services,Consumer Specialties
ELLO,Ellomay Capital Ltd Ordinary Shares (Israel),$33.595,0.00,0.00%,431340550.00,Israel,,186,Public Utilities,Electric Utilities: Central
ELMD,Electromed Inc. Common Stock,$11.26,-0.07,-0.618%,96485172.00,United States,2011,10871,Health Care,Biotechnology: Electromedical & Electrotherapeutic Apparatus
EMAN,eMagin Corporation Common Stock,$2.65,-0.21,-7.343%,192134710.00,United States,,588782,Capital Goods,Industrial Machinery/Components
EMX,EMX Royalty Corporation Common Shares (Canada),$2.75,0.04,1.476%,304872587.00,Canada,,106188,,
ENSV,Enservco Corporation Common Stock,$1.37,0.00,0.00%,15662835.00,United States,,171471,Energy,Oilfield Services/Equipment
ENX,Eaton Vance New York Municipal Bond Fund Common Shares of Beneficial Interest $.01 par value,$12.48,-0.11,-0.874%,226116309.00,United States,2002,25154,Finance,Finance/Investors Services
EPM,Evolution Petroleum Corporation Inc. Common Stock,$6.22,0.03,0.485%,209189479.00,United States,,110550,Energy,Oil & Gas Production
EQX,Equinox Gold Corp. Common Shares,$7.92,0.09,1.149%,2379555526.00,Canada,,2038830,,
ERC,Wells Fargo Multi-Sector Income Fund Common Stock no par value,$13.66,0.11,0.812%,383403402.00,United States,2003,52139,Finance,Finance/Investors Services
ERH,Wells Fargo Utilities and High Income Fund,$14.32,-0.01,-0.07%,132978098.00,,2004,18834,Finance,Finance/Investors Services
ESP,Espey Mfg. & Electronics Corp. Common Stock,$15.95,-0.55,-3.333%,43106996.00,United States,,3081,Capital Goods,Industrial Machinery/Components
EVBN,Evans Bancorp Inc. Common Stock,$39.47,-0.23,-0.579%,215775504.00,United States,,9337,Finance,Major Banks
EVI,EVI Industries Inc.  Common Stock,$33.29,0.37,1.124%,408748968.00,United States,,18388,Capital Goods,Industrial Machinery/Components
EVM,Eaton Vance California Municipal Bond Fund Common Shares of Beneficial Interest $.01 par value,$12.03,0.02,0.167%,300681898.00,United States,2002,37520,Finance,Finance/Investors Services
EVV,Eaton Vance Limited Duration Income Fund Common Shares of Beneficial Interest,$13.28,-0.02,-0.15%,1542432399.00,United States,2003,422412,Finance,Finance/Investors Services
EXN,Excellon Resources Inc. Common Shares,$1.39,0.01,0.725%,45541246.00,,2020,10270,,
FAX,Aberdeen Asia-Pacific Income Fund Inc Common Stock,$4.15,0.06,1.467%,1027937441.00,United States,1986,636931,Finance,Investment Managers
FCO,Aberdeen Global Income Fund Inc. Common Stock,$8.36,-0.04,-0.476%,73085795.00,United States,1992,36981,Finance,Investment Managers
FEN,First Trust Energy Income and Growth Fund,$14.48,-0.08,-0.549%,281571854.00,United States,2004,44939,Finance,Finance/Investors Services
FRD,Friedman Industries Inc. Common Stock,$13.87,-0.13,-0.929%,95696578.00,United States,,8164,Basic Industries,Steel/Iron Ore
FSI,Flexible Solutions International Inc. Common Stock (CDA),$3.70,-0.11,-2.887%,45610810.00,Canada,,23730,Capital Goods,Recreational Products/Toys
FSP,Franklin Street Properties Corp. Common Stock,$5.57,0.72,14.845%,598188830.00,United States,,1239669,Consumer Services,Real Estate Investment Trusts
FTF,Franklin Limited Duration Income Trust Common Shares of Beneficial Interest,$9.10,0.04,0.442%,274263399.00,United States,2003,73108,Finance,Finance/Investors Services
FTSI,FTS International Inc. Class A Common Stock,$26.45,-0.04,-0.151%,371930457.00,United States,2020,324343,Energy,Oilfield Services/Equipment
FURY,Fury Gold Mines Limited Common Shares,$0.6633,0.0067,1.02%,83172635.00,,2020,158269,,
GAU,Galiano Gold Inc.,$0.844,0.004,0.476%,189852274.00,Canada,,417267,,
GBR,New Concept Energy Inc Common Stock,$3.76,-0.02,-0.529%,19296072.00,United States,,180435,Consumer Services,Real Estate
GDP,Goodrich Petroleum Corporation Common Stock,$21.35,-0.18,-0.836%,290550976.00,United States,2017,51175,Energy,Oil & Gas Production
GGN,GAMCO Global Gold Natural Resources & Income Trust,$3.96,0.03,0.763%,609986259.00,United States,2005,387126,Finance,Finance/Investors Services
GGN^B,GAMCO Global Gold Natural Reources & Income Trust 5.00% Series B Cumulative 25.00 Liquidation Preference,$25.28,-0.14,-0.551%,,United States,,731,,
GLDG,GoldMining Inc. Common Shares,$1.41,0.00,0.00%,211137447.00,,,311995,,
GLO,Clough Global Opportunities Fund Common Stock,$12.98,-0.10,-0.765%,516903085.00,United States,2006,155022,Finance,Finance/Investors Services
GLQ,Clough Global Equity Fund Clough Global Equity Fund Common Shares of Beneficial Interest,$15.80,-0.01,-0.063%,278909358.00,United States,2005,170411,Finance,Finance/Investors Services
GLTA,Galata Acquisition Corp. Class A Ordinary Shares,$9.87,0.00,0.00%,177351563.00,,2021,28,,
GLU,Gabelli Global Utility Common Shares of Beneficial Ownership,$20.5241,-0.0374,-0.182%,110318864.00,United States,2004,8916,Finance,Finance/Investors Services
GLU^B,The Gabelli Global Utility and Income Trust Series B Cumulative Puttable and Callable Preferred Shares,$51.14,0.02,0.039%,,United States,,1100,,
GLV,Clough Global Dividend and Income Fund Common Shares of beneficial interest,$11.53,-0.03,-0.26%,129578983.00,United States,2004,24112,Finance,Finance/Investors Services
GOED,1847 Goedeker Inc. Commom Stock,$2.73,-0.01,-0.365%,290437416.00,United States,2020,1756752,Capital Goods,Recreational Products/Toys
GORO,Gold Resource Corporation Common Stock,$2.03,0.08,4.103%,151400808.00,United States,,1147102,Basic Industries,Precious Metals
GPL,Great Panther Mining Limited Ordinary Shares (Canada),$0.3835,0.0036,0.948%,136831093.00,Canada,,4063641,,
GRF,Eagle Capital Growth Fund Inc. Common Stock,$9.84,0.1174,1.207%,39942695.00,United States,,6049,Finance,Finance/Investors Services
GROY,Gold Royalty Corp. Common Shares,$4.80,-0.10,-2.041%,348112910.00,,2021,628141,,
GSAT,Globalstar Inc. Common Stock,$1.74,0.09,5.455%,3119820000.00,United States,2006,12146034,Consumer Services,Telecommunications Equipment
GSS,Golden Star Resources Ltd Common Stock,$3.71,0.01,0.27%,429339924.00,United States,,946699,,
GSV,Gold Standard Ventures Corporation Common Stock (Canada),$0.51,0.01,2.00%,182564828.00,Canada,,956784,,
GTE,Gran Tierra Energy Inc. Common Stock,$0.8533,-0.0166,-1.908%,313284402.00,Canada,,3827610,Energy,Oil & Gas Production
HMG,HMG/Courtland Properties Inc. Common Stock,$16.81,-0.69,-3.943%,17093215.00,United States,,4709,Consumer Services,Real Estate Investment Trusts
HNW,Pioneer Diversified High Income Fund Inc.,$15.76,0.01,0.063%,131324770.00,United States,2007,25888,Finance,Finance/Investors Services
HUSA,Houston American Energy Corporation Common Stock,$1.94,0.00,0.00%,19251276.00,United States,,197385,Energy,Oil & Gas Production
HWM^,Howmet Aerospace Inc. $3.75 Preferred Stock,$77.95,0.10,0.128%,,United States,,151,,
IAF,Aberdeen Australia Equity Fund Inc Common Stock,$6.24,-0.01,-0.16%,146609617.00,United States,,29669,Finance,Finance/Investors Services
IBIO,iBio Inc. Common Stock,$0.8078,-0.0222,-2.675%,176066144.00,United States,,2364200,Health Care,Biotechnology: Pharmaceutical Preparations
ID,PARTS iD Inc. Class A Common Stock,$4.15,-0.10,-2.353%,137669842.00,United States,2017,39344,Miscellaneous,Diversified Commercial Services
IDW,IDW Media Holdings Class B Common Stock,$3.25,-0.035,-1.065%,42134430.00,,2021,5830,Consumer Services,Newspapers/Magazines
IGC,India Globalization Capital Inc. Common Stock,$1.46,0.01,0.69%,74534485.00,United States,,607735,Technology,Engineering & Construction
IHT,InnSuites Hospitality Trust Shares of Beneficial Interest,$4.03,-0.12,-2.892%,36756542.00,United States,,140042,Consumer Services,Real Estate Investment Trusts
IMH,Impac Mortgage Holdings Inc. Common Stock ,$1.35,-0.08,-5.594%,28799123.00,United States,1997,41127,Finance,Finance: Consumer Services
IMO,Imperial Oil Limited Common Stock,$34.79,0.50,1.458%,24200318379.00,Canada,,485813,,
INDO,Indonesia Energy Corporation Limited Ordinary Shares,$4.03,-0.04,-0.983%,29995109.00,,2019,5482,Energy,Oil & Gas Production
INFU,InfuSystems Holdings Inc. Common Stock,$15.75,-0.51,-3.137%,323953702.00,United States,,81733,Health Care,Medical/Dental Instruments
INTT,inTest Corporation Common Stock,$15.15,0.15,1.00%,163359147.00,United States,1997,140593,Technology,Semiconductors
INUV,Inuvo Inc.,$0.7256,-0.0053,-0.725%,86161521.00,United States,,425925,Technology,Advertising
IOR,Income Opportunity Realty Investors Inc. Common Stock,$12.55,0.00,0.00%,52313596.00,United States,,26,Finance,Diversified Financial Services
ISDR,Issuer Direct Corporation Common Stock,$25.10,-0.90,-3.462%,95041778.00,United States,,21680,Technology,EDP Services
ISR,IsoRay Inc. Common Stock (DE),$0.6336,-0.0014,-0.22%,89917513.00,United States,,387305,Health Care,Medical/Dental Instruments
ITP,IT Tech Packaging Inc. Common Stock,$0.4144,0.0024,0.583%,41046279.00,China,,2665268,Basic Industries,Paper
ITRG,Integra Resources Corp. Common Shares,$2.38,-0.01,-0.418%,147815386.00,,,82517,,
JOB,GEE Group Inc. Common Stock,$0.498,-0.002,-0.40%,56822027.00,United States,,1166164,Technology,Diversified Commercial Services
KIQ,Kelso Technologies Inc Ordinary Shares,$0.6985,-0.0294,-4.039%,37942580.00,Canada,,460902,,
KULR,KULR Technology Group Inc. Common Stock,$3.22,-0.18,-5.294%,327478067.00,United States,,2559794,,
LCTX,Lineage Cell Therapeutics Inc. Common Stock,$2.47,-0.05,-1.984%,370453927.00,United States,,415959,Health Care,Biotechnology: Biological Products (No Diagnostic Substances)
LEU,Centrus Energy Corp. Class A Common Stock,$73.99,-2.70,-3.521%,1034476609.00,United States,2014,214464,,
LGL,LGL Group Inc. (The) Common Stock,$12.10,0.04,0.332%,63793668.00,United States,,2516,Capital Goods,Industrial Machinery/Components
LNG,Cheniere Energy Inc. Common Stock,$106.92,-1.11,-1.027%,27113677395.00,United States,,1792523,Public Utilities,Oil/Gas Transmission
LODE,Comstock Mining Inc. Common Stock,$2.38,0.03,1.277%,152192882.00,United States,,617841,Finance,Real Estate
LOV,Spark Networks Inc. American Depositary Shares (each representing one-tenth of an Ordinary Share),$2.60,-0.04,-1.515%,67944708.00,United States,2017,76673,Miscellaneous,Other Consumer Services
LSF,Laird Superfood Inc. Common Stock,$18.74,0.17,0.915%,168668077.00,,2020,15546,Consumer Non-Durables,Specialty Foods
LXFR,Luxfer Holdings PLC Ordinary Shares,$23.07,0.23,1.007%,639152458.00,United Kingdom,2012,95624,Capital Goods,Metal Fabrications
MAG,MAG Silver Corporation Ordinary Shares,$20.88,-0.07,-0.334%,1982767995.00,Canada,,247833,,
MCF,Contango Oil & Gas Company Common Stock (TX),$4.21,-0.06,-1.405%,846969307.00,United States,,772014,Energy,Oil & Gas Production
MHH,Mastech Digital Inc Common Stock,$19.65,0.25,1.289%,224756955.00,United States,,7679,Consumer Services,Professional Services
MIMO,Airspan Networks Holdings Inc. Common Stock,$6.41,-1.10,-14.647%,461676641.00,,2020,324154,Consumer Services,Telecommunications Equipment
MITQ,Moving iMage Technologies Inc. Common Stock,$2.81,0.02,0.717%,29887941.00,United States,2021,274804,Capital Goods,Telecommunications Equipment
MLSS,Milestone Scientific Inc. Common Stock,$2.53,0.07,2.846%,169931063.00,United States,2015,234735,Health Care,Industrial Specialties
MMX,Maverix Metals Inc. Common Shares,$5.07,-0.03,-0.588%,739435950.00,,,84189,,
MSN,Emerson Radio Corporation Common Stock,$1.1501,-0.0499,-4.158%,24201154.00,United States,,28772,Consumer Non-Durables,Consumer Electronics/Appliances
MTA,Metalla Royalty & Streaming Ltd. Common Shares,$7.72,0.07,0.915%,336742069.00,,,128594,,
MTNB,Matinas Biopharma Holdings Inc. Common Stock,$0.997,-0.013,-1.287%,215592698.00,United States,2017,1799740,Health Care,Biotechnology: Pharmaceutical Preparations
MXC,Mexco Energy Corporation Common Stock,$11.62,-0.57,-4.676%,24310969.00,United States,,57191,Energy,Oil & Gas Production
MYO,Myomo Inc. Common Stock,$10.36,0.01,0.097%,59359661.00,United States,2017,54301,Health Care,Industrial Specialties
NAK,Northern Dynasty Minerals Ltd. Common Stock,$0.4199,-0.0047,-1.107%,221929320.00,Canada,,3969634,,
NAVB,Navidea Biopharmaceuticals Inc. Common Stock,$1.40,-0.06,-4.11%,42228543.00,United States,,90968,Health Care,Biotechnology: In Vitro & In Vivo Diagnostic Substances
NBH,Neuberger Berman Municipal Fund Inc. Common Stock,$15.79,0.09,0.573%,297314584.00,United States,2002,17310,Finance,Finance/Investors Services
NBO,Neuberger Berman New York Municipal Fund Inc. Common Stock,$12.94,0.00,0.00%,65701776.00,United States,2002,5275,Finance,Finance/Investors Services
NBW,Neuberger Berman California Municipal Fund Inc Common Stock,$14.21,-0.02,-0.141%,78880335.00,United States,2002,12111,Finance,Finance/Investors Services
NBY,NovaBay Pharmaceuticals Inc. Common Stock,$0.5857,-0.0043,-0.729%,26323328.00,United States,2007,303350,Health Care,Biotechnology: Pharmaceutical Preparations
NEN,New England Realty Associates Limited Partnership Class A Depositary Receipts Evidencing Units of Limited Partnership,$60.27,-0.03,-0.05%,220147988.00,United States,,1487,Finance,Real Estate
NES,Nuverra Environmental Solutions Inc. Common Stock,$2.0428,0.0128,0.631%,32684963.00,United States,2017,31573,Public Utilities,Water Supply
NEWP,New Pacific Metals Corp. Common Shares,$3.45,-0.04,-1.146%,536405175.00,,2021,142293,,
NFGC,New Found Gold Corp Common Shares,$5.78,-0.14,-2.365%,909761966.00,,2021,262880,,
NG,Novagold Resources Inc.,$7.94,0.19,2.452%,2633519771.00,Canada,,634087,,
NGD,New Gold Inc.,$1.58,0.04,2.597%,1075664000.00,Canada,,6237504,,
NHC,National HealthCare Corporation Common Stock,$73.02,0.13,0.178%,1126204985.00,United States,,20062,Health Care,Hospital/Nursing Management
NHS,Neuberger Berman High Yield Strategies Fund,$13.10,0.00,0.00%,192063908.00,United States,,22412,Finance,Trusts Except Educational Religious and Charitable
NML,Neuberger Berman MLP and Energy Income Fund Inc. Common Stock,$5.48,-0.01,-0.182%,310490925.00,,2013,113925,Finance,Finance/Investors Services
NNVC,NanoViricides Inc. Common Stock,$4.83,0.01,0.207%,55617450.00,United States,,114613,Health Care,Biotechnology: Pharmaceutical Preparations
NOG,Northern Oil and Gas Inc. Common Stock,$24.68,0.00,0.00%,1633127354.00,United States,,630940,Energy,Oil & Gas Production
NRO,Neuberger Berman Real Estate Securities Income Fund Inc. Neuberger Berman Real Estate Securities Income Fund Inc.,$5.05,0.01,0.198%,239583686.00,United States,2003,124511,Finance,Finance/Investors Services
NTIP,Network-1 Technologies Inc. Common Stock,$2.90,-0.11,-3.654%,69856299.00,United States,,1284,,
NXE,Nexgen Energy Ltd. Common Shares,$6.44,0.03,0.468%,3066189713.00,,,2472823,,
OGEN,Oragenics Inc. Common Stock,$0.6244,-0.0101,-1.592%,72676917.00,United States,,1270229,Health Care,Biotechnology: Pharmaceutical Preparations
OPTT,Ocean Power Technologies Inc. Common Stock,$2.17,-0.13,-5.652%,113833884.00,United States,2007,1514345,Capital Goods,Industrial Machinery/Components
ORLA,Orla Mining Ltd. Common Shares,$3.84,0.22,6.077%,947605586.00,,2020,116772,,
OZ,Belpointe PREP LLC Class A Units,$100.05,-0.35,-0.349%,0.00,,,26236,,
PCG^A,Pacific Gas & Electric Co. 6% Preferred Stock,$29.645,-0.355,-1.183%,,United States,,1038,,
PCG^B,Pacific Gas & Electric Co. 5 1/2% Preferred Stock,$27.62,0.56,2.069%,,United States,,1057,,
PCG^C,Pacific Gas & Electric Co. 5% 1st Preferred Stock,$25.9394,0.00,0.00%,,United States,,19,,
PCG^D,Pacific Gas & Electric Co. 5% 1st  Red. Preferred Stock,$25.06,-0.05,-0.199%,,United States,,1371,,
PCG^E,Pacific Gas & Electric Co. 5% 1st A Preferred Stock,$25.2501,0.00,0.00%,,United States,,47,,
PCG^G,Pacific Gas & Electric Co. 4.80% 1st Preferred Stock,$25.00,-0.10,-0.398%,,United States,,7418,,
PCG^H,Pacific Gas & Electric Co. 4.50% 1st Preferred Stock,$22.9399,-0.0601,-0.261%,,United States,,1267,,
PCG^I,Pacific Gas & Electric Co. 4.36% 1st Preferred Stock,$23.55,0.10,0.426%,,United States,,737,,
PED,Pedevco Corp. Common Stock,$1.50,0.00,0.00%,126315305.00,United States,,1999898,,
PHGE,BiomX Inc. COmmon Stock,$2.24,-0.06,-2.609%,63155850.00,,2019,44650,Health Care,Biotechnology: Pharmaceutical Preparations
PLAG,Planet Green Holdings Corp. Common Stock,$1.37,0.00,0.00%,40664244.00,China,,20319,,
PLG,Platinum Group Metals Ltd. Ordinary Shares (Canada),$2.90,0.02,0.694%,218050179.00,Canada,,1114797,,
PLM,Polymet Mining Corporation Ordinary Shares (Canada),$3.21,0.13,4.221%,323816197.00,Canada,,90607,,
PLX,Protalix BioTherapeutics Inc. (DE) Common Stock,$1.18,0.04,3.509%,53756843.00,Israel,,1132566,Health Care,Biotechnology: Biological Products (No Diagnostic Substances)
PLYM^A,Plymouth Industrial REIT Inc. 7.50% Series A Cumulative Redeemable Preferred Stock,$26.50,0.11,0.417%,,United States,,1103,,
PRK,Park National Corporation Common Stock,$138.29,0.27,0.196%,2243004612.00,United States,,22646,Finance,Major Banks
PTN,Palatin Technologies Inc. Common Stock,$0.4105,-0.0029,-0.701%,94931465.00,United States,,827822,Health Care,Biotechnology: Pharmaceutical Preparations
PW,Power REIT (MD) Common Stock,$56.58,0.23,0.408%,187983259.00,United States,,20069,Consumer Services,Real Estate Investment Trusts
PW^A,Power REIT 7.75% Series A Cumulative Perpetual Preferred Stock,$26.5101,0.00,0.00%,,United States,,13,,
PZG,Paramount Gold Nevada Corp. Common Stock,$0.8699,0.0249,2.947%,35252829.00,United States,2015,94720,Basic Industries,Precious Metals
RCG,RENN Fund Inc Common Stock,$3.07,0.0285,0.937%,18272502.00,United States,,3830,Finance,Investment Managers
RCOR,Renovacor Inc. Common Stock,$8.61,0.31,3.735%,148574522.00,,2020,38212,Health Care,Biotechnology: Pharmaceutical Preparations
REI,Ring Energy Inc. Common Stock,$4.02,0.12,3.077%,399391603.00,United States,,1663630,Energy,Oil & Gas Production
REPX,Riley Exploration Permian Inc. Common Stock,$25.29,-0.71,-2.731%,491865969.00,United States,,14874,Energy,Oil & Gas Production
RHE,Regional Health Properties Inc. Common Stock,$6.93,-0.47,-6.351%,12298013.00,,2017,140119,Health Care,Hospital/Nursing Management
RHE^A,Regional Health Properties Inc. 10.875% Series A Cumulative Redeemable Preferred Stock,$4.75,-0.20,-4.04%,,,,5630,,
RLGT,Radiant Logistics Inc. Common Stock,$7.42,0.06,0.815%,370393823.00,United States,,200406,Transportation,Oil Refining/Marketing
RMED,Ra Medical Systems Inc. Common Stock,$2.94,-0.06,-2.00%,20666548.00,,2018,221504,Health Care,Medical/Dental Instruments
RVP,Retractable Technologies Inc. Common Stock,$9.23,-0.13,-1.389%,313904030.00,United States,,103319,Health Care,Medical/Dental Instruments
SACC,Sachem Capital Corp. 6.875% Notes due 2024,$25.4437,-0.0643,-0.252%,0.00,United States,2019,3590,Consumer Services,Real Estate Investment Trusts
SACH,Sachem Capital Corp. Common Shares,$5.72,-0.06,-1.038%,161967120.00,United States,2017,139221,Consumer Services,Real Estate Investment Trusts
SACH^A,Sachem Capital Corp. 7.75% Series A Cumulative Redeemable Preferred Stock,$25.7485,-0.1515,-0.585%,,United States,,6647,,
SBEV,Splash Beverage Group Inc. Common Stock,$1.90,-0.08,-4.04%,57915640.00,,2021,41703,Consumer Non-Durables,Beverages (Production/Distribution)
SCCB,Sachem Capital Corp. 7.125% Notes due 2024,$25.35,0.00,0.00%,0.00,United States,2019,68,Consumer Services,Real Estate Investment Trusts
SCCC,Sachem Capital Corp. 7.75% Notes due 2025,$25.93,-0.02,-0.077%,0.00,United States,2020,5928,Consumer Services,Real Estate Investment Trusts
SDPI,Superior Drilling Products Inc. Common Stock,$1.21,-0.03,-2.419%,34751717.00,,2014,243327,Energy,Metal Fabrications
SEB,Seaboard Corporation Common Stock,$4046.01,-6.98,-0.172%,4696523442.00,United States,1996,315,,
SENS,Senseonics Holdings Inc. Common Stock,$3.75,-0.14,-3.599%,1669706224.00,United States,,8443081,Health Care,Medical Specialities
SIF,SIFCO Industries Inc. Common Stock,$7.8398,0.0598,0.769%,46953574.00,United States,,7289,Capital Goods,Office Equipment/Supplies/Services
SILV,SilverCrest Metals Inc. Common Shares,$9.28,0.10,1.089%,1344328640.00,,2018,464613,Capital Goods,Industrial Machinery/Components
SIM,Grupo Simec S.A.B. de C.V. American Depositary Shares,$24.50,0.00,0.00%,3779365688.00,Mexico,1993,374,Basic Industries,Steel/Iron Ore
SLI,Standard Lithium Ltd. Common Shares,$10.96,-0.55,-4.778%,1547181585.00,,2021,2322810,,
SMTS,Sierra Metals Inc. Common Stock,$1.61,-0.07,-4.167%,263074000.00,,,1327668,Basic Industries,Precious Metals
SNMP,Evolve Transition Infrastructure LP Common Stock,$1.20,-0.14,-10.448%,94468218.00,United States,,7353341,Energy,Oil & Gas Production
SSY,SunLink Health Systems Inc. Common Stock,$2.49,-0.10,-3.861%,17241136.00,United States,,64183,Health Care,Medical/Nursing Services
STXS,Stereotaxis Inc. Common Stock,$5.83,-0.36,-5.816%,434379197.00,United States,,323101,Health Care,Biotechnology: Electromedical & Electrotherapeutic Apparatus
SVM,Silvercorp Metals Inc. Common Shares,$4.58,0.04,0.881%,807701737.00,,,1229734,,
SVT,Servotronics Inc. Common Stock,$11.68,0.00,0.00%,29102671.00,United States,,33,Consumer Durables,Metal Fabrications
SYN,Synthetic Biologics Inc. Common Stock,$0.41,-0.005,-1.205%,54137441.00,United States,,1598685,Health Care,Biotechnology: Pharmaceutical Preparations
TELL,Tellurian Inc. Common Stock,$4.50,-0.08,-1.747%,2155522779.00,United States,,11708085,Energy,Oil & Gas Production
TGB,Taseko Mines Ltd. Common Stock,$2.20,-0.06,-2.655%,624703620.00,Canada,,864956,,
THM,International Tower Hill Mines Ltd. Ordinary Shares (Canada),$0.7088,0.0185,2.68%,138150921.00,Canada,,119058,,
TKAT,Takung Art Co. Ltd. Common Stock,$6.03,-0.24,-3.828%,74765204.00,,,515957,Consumer Services,Catalog/Specialty Distribution
TMBR,Timber Pharmaceuticals Inc. Common Stock,$0.5317,-0.0211,-3.817%,19491955.00,United States,2015,6460253,Consumer Durables,Specialty Chemicals
TMP,Tompkins Financial Corporation Common Stock,$83.97,-1.01,-1.189%,1223634436.00,United States,,34644,Finance,Major Banks
TMQ,Trilogy Metals Inc. Common Stock,$1.91,-0.01,-0.521%,275902336.00,Canada,,195906,,
TPHS,Trinity Place Holdings Inc. Common Stock,$1.94,-0.02,-1.02%,68280810.00,,,22431,Consumer Services,Real Estate
TRT,Trio-Tech International Common Stock,$4.7893,0.0493,1.04%,18740794.00,United States,,10818,Technology,Industrial Machinery/Components
TRX,Tanzanian Gold Corporation Common Stock,$0.4594,-0.0027,-0.584%,117087533.00,Canada,,618041,,
UAMY,United States Antimony Corporation Common Stock,$0.9053,-0.0192,-2.077%,95966538.00,United States,,809912,,
UAVS,AgEagle Aerial Systems Inc. Common Stock,$2.86,-0.03,-1.038%,214916696.00,United States,,2653814,,
UEC,Uranium Energy Corp. Common Stock,$5.28,0.20,3.937%,1367450457.00,Canada,,14791837,Basic Industries,Other Metals and Minerals
UFAB,Unique Fabricating Inc. Common Stock,$3.10,-0.10,-3.125%,36372756.00,United States,2015,39500,Capital Goods,Auto Parts:O.E.M.
URG,Ur Energy Inc Common Shares (Canada),$2.00,-0.10,-4.762%,421641464.00,Canada,,5498056,,
USAS,Americas Gold and Silver Corporation Common Shares no par value,$0.9843,0.0073,0.747%,134973795.00,,2017,752940,,
UTG,Reaves Utility Income Fund Common Shares of Beneficial Interest,$33.72,0.00,0.00%,2005179020.00,United States,2004,192014,Finance,Investment Managers
UUU,Universal Security Instruments Inc. Common Stock,$4.78,-0.11,-2.249%,11055600.00,United States,,63965,Miscellaneous,Diversified Manufacture
UUUU,Energy Fuels Inc Ordinary Shares (Canada),$10.97,0.11,1.013%,1707158498.00,,,3899771,,
VCF,Delaware Investments Colorado Municipal Income Fund Inc  Common Stock,$14.53,0.21,1.466%,70283063.00,United States,1993,19271,Finance,Finance/Investors Services
VFL,Delaware Investments National Municipal Income Fund Common Stock,$13.92,0.08,0.578%,63035927.00,United States,1993,5713,Finance,Finance/Investors Services
VGZ,Vista Gold Corp Common Stock,$0.80,-0.0169,-2.069%,93751386.00,United States,,158704,,
VHAQ,Viveon Health Acquisition Corp. Common Stock,$10.00,-0.01,-0.10%,251562500.00,,2021,685,,
VKI,Invesco Advantage Municipal Income Trust II Common Shares of Beneficial Interest (DE),$12.16,0.08,0.662%,539801260.00,United States,,55396,Finance,Finance Companies
VMM,Delaware Investments Minnesota Municipal Income Fund II Inc. Common Stock,$14.2098,0.0262,0.185%,163483394.00,United States,1993,4471,Finance,Finance/Investors Services
VNRX,VolitionRX Limited Common Stock,$3.59,-0.02,-0.554%,191068276.00,Singapore,2015,84704,Health Care,Biotechnology: Biological Products (No Diagnostic Substances)
VOLT,Volt Information Sciences Inc. Common Stock,$3.30,-0.14,-4.07%,72861617.00,United States,,34488,Technology,Diversified Commercial Services
WLMS,Williams Industrial Services Group Inc. Common Stock,$4.77,-0.03,-0.625%,123616945.00,,2021,45350,Capital Goods,Engineering & Construction
WRN,Western Copper and Gold Corporation Common Stock,$1.54,-0.04,-2.532%,231887233.00,Canada,2011,728669,,
WTT,Wireless Telecom Group  Inc. Common Stock,$2.29,-0.03,-1.293%,50856311.00,United States,,15206,Capital Goods,Telecommunications Equipment
WWR,Westwater Resources Inc. Common Stock,$3.61,-0.12,-3.217%,125036187.00,United States,,703799,Basic Industries,Other Metals and Minerals
WYY,WidePoint Corporation Common Stock,$5.34,-0.09,-1.657%,48685095.00,United States,,42015,Technology,EDP Services
XPL,Solitario Zinc Corp. Common Stock,$0.53,0.00,0.00%,30975196.00,United States,,111162,Basic Industries,Metal Mining
XTNT,Xtant Medical Holdings Inc. Common Stock,$1.14,0.02,1.786%,98846306.00,United States,,57011,Health Care,Medical Specialities
YCBD,cbdMD Inc. Common Stock,$1.75,0.05,2.941%,101109908.00,United States,2017,260696,Health Care,Biotechnology: Pharmaceutical Preparations
YCBD^A,cbdMD Inc. 8.0% Series A Cumulative Convertible Preferred Stock,$6.25,-0.195,-3.026%,,United States,,15109,,
ZDGE,Zedge Inc. Class B Common Stock ,$10.86,-0.15,-1.362%,154065835.00,,2016,415227,Technology,Computer Software: Prepackaged Software
ZOM,Zomedica Corp. Common Shares,$0.5457,-0.0313,-5.425%,534637661.00,United States,2017,16636486,,
